time,rt_time,press_pos,press_neg,act_pos_press,act_neg_press,ctrl1,ctrl2,ctrl3,ctrl4,ctrl5,ctrl6,flow1,flow2,flow3,flow4,flow5,flow6,angle,angle_vel,chirp_ctrl,chirp_freq,profile_mode,profile_idx,profile_local_time,profile_hold_sec,profile_discard_sec,profile_usable,pid_ctrl,pid_ref,pid_measured,pid_err,pid_p,pid_i,pid_d,pid_raw,pid_integral
0.00019205800003874174,68.4806878566742,307.1691589355469,101.32520294189453,101.5263442993164,101.32499694824219,0.9250006033871221,0.9020701873779298,0.0,0.0,0.0,0.0,24.391101837158203,16.515827178955078,0.0,0.0,-0.0007212162017822266,-0.0011265277862548828,0.0,0.0,0.9250006033871221,0.05000316895700064,0.0,,,,,1.0,0.9020701873779298,310.0,307.1691589355469,2.830841064453125,0.022646728515625,0.0002830841064453125,0.0,0.9020701873779298,0.0566168212890625
0.02017943999999261,68.4806878566742,307.1691589355469,101.32520294189453,101.5263442993164,101.32499694824219,0.9250636062339644,0.9017871032714844,0.0,0.0,0.0,0.0,24.391101837158203,16.515827178955078,0.0,0.0,-0.0007212162017822266,-0.0011265277862548828,0.0,0.0,0.9250636062339644,0.05033296075999988,0.0,,,,,1.0,0.9017871032714844,310.0,307.1691589355469,2.830841064453125,0.022646728515625,0.000566168212890625,0.0,0.9017871032714844,0.113233642578125
0.04013381999993726,68.4806878566742,307.1691589355469,101.32520294189453,101.5263442993164,101.32499694824219,0.9251269156457799,0.9015040191650391,0.0,0.0,0.0,0.0,24.391101837158203,16.515827178955078,0.0,0.0,-0.0007212162017822266,-0.0011265277862548828,0.0,0.0,0.9251269156457799,0.05066220802999897,0.0,,,,,1.0,0.9015040191650391,310.0,307.1691589355469,2.830841064453125,0.022646728515625,0.0008492523193359375,0.0,0.9015040191650391,0.1698504638671875
0.06021813300003487,68.4806878566742,307.1691589355469,101.32520294189453,101.5263442993164,101.32499694824219,0.9251910489196373,0.9012197416750791,0.0,0.0,0.0,0.0,24.391101837158203,16.515827178955078,0.0,0.0,-0.0007212162017822266,-0.0011265277862548828,0.0,0.0,0.9251910489196373,0.050993599194500576,0.0,,,,,1.0,0.9012197416750791,310.0,307.1691589355469,2.830841064453125,0.022646728515625,0.0011335298092959678,0.0,0.9012197416750791,0.22670596185919356
0.08009845000015048,68.4806878566742,307.1691589355469,101.32520294189453,101.5263442993164,101.32499694824219,0.9252549347716991,0.9009366575686337,0.0,0.0,0.0,0.0,24.391101837158203,16.515827178955078,0.0,0.0,-0.0007212162017822266,-0.0011265277862548828,0.0,0.0,0.9252549347716991,0.05132162442500249,0.0,,,,,1.0,0.9009366575686337,310.0,307.1691589355469,2.830841064453125,0.022646728515625,0.0014166139157412803,0.0,0.9009366575686337,0.28332278314825604
0.10019702700014932,68.4806878566742,307.1691589355469,101.32520294189453,101.5263442993164,101.32499694824219,0.925319927716744,0.9006521781830904,0.0,0.0,0.0,0.0,24.391101837158203,16.515827178955078,0.0,0.0,-0.0007212162017822266,-0.0011265277862548828,0.0,0.0,0.925319927716744,0.051653250945502466,0.0,,,,,1.0,0.9006521781830904,310.0,307.1691589355469,2.830841064453125,0.022646728515625,0.0017010933012846295,0.0,0.9006521781830904,0.3402186602569259
0.12010125699998753,68.4806878566742,307.1691589355469,101.32520294189453,101.5263442993164,101.32499694824219,0.925384691307537,0.9003690940766451,0.0,0.0,0.0,0.0,24.391101837158203,16.515827178955078,0.0,0.0,-0.0007212162017822266,-0.0011265277862548828,0.0,0.0,0.925384691307537,0.051981670740499794,0.0,,,,,1.0,0.9003690940766451,310.0,307.1691589355469,2.830841064453125,0.022646728515625,0.001984177407729942,0.0,0.9003690940766451,0.39683548154598836
0.14009585000007974,68.4806878566742,307.1691589355469,101.32520294189453,101.5263442993164,101.32499694824219,0.9254501457589667,0.9000860099701998,0.0,0.0,0.0,0.0,24.391101837158203,16.515827178955078,0.0,0.0,-0.0007212162017822266,-0.0011265277862548828,0.0,0.0,0.9254501457589667,0.052311581525001316,0.0,,,,,1.0,0.9000860099701998,310.0,307.1691589355469,2.830841064453125,0.022646728515625,0.002267261514175254,0.0,0.9000860099701998,0.45345230283505084
0.16021317700005966,68.4806878566742,307.1691589355469,101.32520294189453,101.5263442993164,101.32499694824219,0.9255164002225267,0.8998012651933069,0.0,0.0,0.0,0.0,24.391101837158203,16.515827178955078,0.0,0.0,-0.0007212162017822266,-0.0011265277862548828,0.0,0.0,0.9255164002225267,0.05264351742050099,0.0,,,,,1.0,0.8998012651933069,310.0,307.1691589355469,2.830841064453125,0.022646728515625,0.002552006291068128,0.0,0.8998012651933069,0.5104012582136256
0.18021844200006853,68.4806878566742,307.1691589355469,101.32520294189453,101.5263442993164,101.32499694824219,0.925582678458652,0.8995181065649704,0.0,0.0,0.0,0.0,24.391101837158203,16.515827178955078,0.0,0.0,-0.0007212162017822266,-0.0011265277862548828,0.0,0.0,0.925582678458652,0.05297360429300113,0.0,,,,,1.0,0.8995181065649704,310.0,307.1691589355469,2.830841064453125,0.022646728515625,0.002835164919404588,0.0,0.8995181065649704,0.5670329838809176
0.20021437500008687,68.4806878566742,307.1691589355469,101.32520294189453,101.5263442993164,101.32499694824219,0.9256493138663695,0.8992350224585252,0.0,0.0,0.0,0.0,24.391101837158203,16.515827178955078,0.0,0.0,-0.0007212162017822266,-0.0011265277862548828,0.0,0.0,0.9256493138663695,0.053303537187501436,0.0,,,,,1.0,0.8992350224585252,310.0,307.1691589355469,2.830841064453125,0.022646728515625,0.003118249025849901,0.0,0.8992350224585252,0.6236498051699801
0.2201699259999259,68.4806878566742,307.1691589355469,101.32520294189453,101.5263442993164,101.32499694824219,0.9257161980577034,0.8989519383520799,0.0,0.0,0.0,0.0,24.391101837158203,16.515827178955078,0.0,0.0,-0.0007212162017822266,-0.0011265277862548828,0.0,0.0,0.9257161980577034,0.05363280377899878,0.0,,,,,1.0,0.8989519383520799,310.0,307.1691589355469,2.830841064453125,0.022646728515625,0.0034013331322952133,0.0,0.8989519383520799,0.6802666264590427
0.24016633500013995,68.4806878566742,307.1691589355469,101.32520294189453,101.5263442993164,101.32499694824219,0.9257835997461114,0.8986688542456345,0.0,0.0,0.0,0.0,24.391101837158203,16.515827178955078,0.0,0.0,-0.0007212162017822266,-0.0011265277862548828,0.0,0.0,0.9257835997461114,0.05396274452750231,0.0,,,,,1.0,0.8986688542456345,310.0,307.1691589355469,2.830841064453125,0.022646728515625,0.003684417238740526,0.0,0.8986688542456345,0.7368834477481052
0.26020294499994634,68.4806878566742,307.1691589355469,101.32520294189453,101.5263442993164,101.32499694824219,0.925851515312195,0.8983852519537351,0.0,0.0,0.0,0.0,24.391101837158203,16.515827178955078,0.0,0.0,-0.0007212162017822266,-0.0011265277862548828,0.0,0.0,0.925851515312195,0.05429334859249912,0.0,,,,,1.0,0.8983852519537351,310.0,307.1691589355469,2.830841064453125,0.022646728515625,0.003968019530639947,0.0,0.8983852519537351,0.7936039061279893
0.28018938500008517,68.4806878566742,307.1691589355469,101.32520294189453,101.5263442993164,101.32499694824219,0.9259196343252786,0.8981021678472898,0.0,0.0,0.0,0.0,24.391101837158203,16.515827178955078,0.0,0.0,-0.0007212162017822266,-0.0011265277862548828,0.0,0.0,0.9259196343252786,0.05462312485250141,0.0,,,,,1.0,0.8981021678472898,310.0,307.1691589355469,2.830841064453125,0.022646728515625,0.004251103637085259,0.0,0.8981021678472898,0.8502207274170518
0.30021269899998515,68.4806878566742,307.1691589355469,101.32520294189453,101.5263442993164,101.32499694824219,0.9259882491262388,0.897818753749703,0.0,0.0,0.0,0.0,24.391101837158203,16.515827178955078,0.0,0.0,-0.0007212162017822266,-0.0011265277862548828,0.0,0.0,0.9259882491262388,0.054953509533499756,0.0,,,,,1.0,0.897818753749703,310.0,307.1691589355469,2.830841064453125,0.022646728515625,0.004534517734672039,0.0,0.897818753749703,0.9069035469344078
0.3201668530000461,68.4806878566742,307.1691589355469,101.32520294189453,101.5263442993164,101.32499694824219,0.9260569914173128,0.8975356696432577,0.0,0.0,0.0,0.0,24.391101837158203,16.515827178955078,0.0,0.0,-0.0007212162017822266,-0.0011265277862548828,0.0,0.0,0.9260569914173128,0.055282753074500764,0.0,,,,,1.0,0.8975356696432577,310.0,307.1691589355469,2.830841064453125,0.022646728515625,0.0048176018411173515,0.0,0.8975356696432577,0.9635203682234703
0.34011965500008046,68.4806878566742,307.1691589355469,101.32520294189453,101.5263442993164,101.32499694824219,0.9261260887048093,0.8972525855368124,0.0,0.0,0.0,0.0,24.391101837158203,16.515827178955078,0.0,0.0,-0.0007212162017822266,-0.0011265277862548828,0.0,0.0,0.9261260887048093,0.05561197430750133,0.0,,,,,1.0,0.8972525855368124,310.0,307.1691589355469,2.830841064453125,0.022646728515625,0.005100685947562664,0.0,0.8972525855368124,1.0201371895125328
0.3602041350000036,68.4806878566742,307.1691589355469,101.32520294189453,101.5263442993164,101.32499694824219,0.9261960008772571,0.8969683056831025,0.0,0.0,0.0,0.0,24.391101837158203,16.515827178955078,0.0,0.0,-0.0007212162017822266,-0.0011265277862548828,0.0,0.0,0.9261960008772571,0.05594336822750006,0.0,,,,,1.0,0.8969683056831025,310.0,307.1691589355469,2.830841064453125,0.022646728515625,0.005384965801272513,0.0,0.8969683056831025,1.0769931602545026
0.38022364600010405,68.4806878566742,307.1691589355469,101.32520294189453,101.5263442993164,101.32499694824219,0.9262660407600407,0.8966849454139557,0.0,0.0,0.0,0.0,24.391101837158203,16.515827178955078,0.0,0.0,-0.0007212162017822266,-0.0011265277862548828,0.0,0.0,0.9262660407600407,0.05627369015900172,0.0,,,,,1.0,0.8966849454139557,310.0,307.1691589355469,2.830841064453125,0.022646728515625,0.005668326070419291,0.0,0.8966849454139557,1.1336652140838581
0.40010358099993937,68.4806878566742,307.1691589355469,101.32520294189453,101.5263442993164,101.32499694824219,0.9263359374085396,0.8964018613075104,0.0,0.0,0.0,0.0,24.391101837158203,16.515827178955078,0.0,0.0,-0.0007212162017822266,-0.0011265277862548828,0.0,0.0,0.9263359374085396,0.056601709086499,0.0,,,,,1.0,0.8964018613075104,310.0,307.1691589355469,2.830841064453125,0.022646728515625,0.0059514101768646036,0.0,0.8964018613075104,1.1902820353729207
0.42008543199995074,68.4806878566742,307.1691589355469,101.32520294189453,101.5263442993164,101.32499694824219,0.9264065342576338,0.8961187772010651,0.0,0.0,0.0,0.0,24.391101837158203,16.515827178955078,0.0,0.0,-0.0007212162017822266,-0.0011265277862548828,0.0,0.0,0.9264065342576338,0.05693140962799919,0.0,,,,,1.0,0.8961187772010651,310.0,307.1691589355469,2.830841064453125,0.022646728515625,0.0062344942833099165,0.0,0.8961187772010651,1.2468988566619832
0.4401064359999509,68.4806878566742,307.1691589355469,101.32520294189453,101.5263442993164,101.32499694824219,0.9264776083793992,0.8958353957996912,0.0,0.0,0.0,0.0,24.391101837158203,16.515827178955078,0.0,0.0,-0.0007212162017822266,-0.0011265277862548828,0.0,0.0,0.9264776083793992,0.057261756193999196,0.0,,,,,1.0,0.8958353957996912,310.0,307.1691589355469,2.830841064453125,0.022646728515625,0.006517875684683819,0.0,0.8958353957996912,1.3035751369367639
0.4602016819999335,68.4806878566742,307.1691589355469,101.32520294189453,101.5263442993164,101.32499694824219,0.9265492822343367,0.8955509635618061,0.0,0.0,0.0,0.0,24.391101837158203,16.515827178955078,0.0,0.0,-0.0007212162017822266,-0.0011265277862548828,0.0,0.0,0.9265492822343367,0.057593327752998906,0.0,,,,,1.0,0.8955509635618061,310.0,307.1691589355469,2.830841064453125,0.022646728515625,0.0068023079225690095,0.0,0.8955509635618061,1.360461584513802
0.4802185000000918,68.4806878566742,307.1691589355469,101.32520294189453,101.5263442993164,101.32499694824219,0.9266210060846383,0.8952676414099334,0.0,0.0,0.0,0.0,24.391101837158203,16.515827178955078,0.0,0.0,-0.0007212162017822266,-0.0011265277862548828,0.0,0.0,0.9266210060846383,0.057923605250001516,0.0,,,,,1.0,0.8952676414099334,310.0,307.1691589355469,2.830841064453125,0.022646728515625,0.007085630074441673,0.0,0.8952676414099334,1.4171260148883347
0.5001554030000079,68.4806878566742,307.1691589355469,101.32520294189453,101.5263442993164,101.32499694824219,0.9266927655091279,0.894984557303488,0.0,0.0,0.0,0.0,24.391101837158203,16.515827178955078,0.0,0.0,-0.0007212162017822266,-0.0011265277862548828,0.0,0.0,0.9266927655091279,0.058252564149500134,0.0,,,,,1.0,0.894984557303488,310.0,307.1691589355469,2.830841064453125,0.022646728515625,0.007368714180886986,0.0,0.894984557303488,1.4737428361773972
0.5200675900000533,68.4806878566742,307.1691589355469,101.32520294189453,101.5263442993164,101.32499694824219,0.9267647513705533,0.8947014731970427,0.0,0.0,0.0,0.0,24.391101837158203,16.515827178955078,0.0,0.0,-0.0007212162017822266,-0.0011265277862548828,0.0,0.0,0.9267647513705533,0.05858111523500088,0.0,,,,,1.0,0.8947014731970427,310.0,307.1691589355469,2.830841064453125,0.022646728515625,0.007651798287332299,0.0,0.8947014731970427,1.5303596574664597
0.5401012849999915,68.4806878566742,307.1691589355469,101.32520294189453,101.5263442993164,101.32499694824219,0.9268374891303109,0.8944179121646499,0.0,0.0,0.0,0.0,24.391101837158203,16.515827178955078,0.0,0.0,-0.0007212162017822266,-0.0011265277862548828,0.0,0.0,0.9268374891303109,0.05891167120249986,0.0,,,,,1.0,0.8944179121646499,310.0,307.1691589355469,2.830841064453125,0.022646728515625,0.00793535931972507,0.0,0.8944179121646499,1.587071863945014
0.5601022800001374,68.4806878566742,307.1691589355469,101.32520294189453,101.5263442993164,101.32499694824219,0.9269104153621667,0.8941348139747683,0.0,0.0,0.0,0.0,24.391101837158203,16.515827178955078,0.0,0.0,-0.0007212162017822266,-0.0011265277862548828,0.0,0.0,0.9269104153621667,0.05924168762000227,0.0,,,,,1.0,0.8941348139747683,310.0,307.1691589355469,2.830841064453125,0.022646728515625,0.008218457509606742,0.0,0.8941348139747683,1.6436915019213485
0.580080708999958,68.4806878566742,307.1691589355469,101.32520294189453,101.5263442993164,101.32499694824219,0.9269835600017252,0.893851729868323,0.0,0.0,0.0,0.0,24.391101837158203,16.515827178955078,0.0,0.0,-0.0007212162017822266,-0.0011265277862548828,0.0,0.0,0.9269835600017252,0.05957133169849931,0.0,,,,,1.0,0.893851729868323,310.0,307.1691589355469,2.830841064453125,0.022646728515625,0.008501541616052056,0.0,0.893851729868323,1.700308323210411
0.6001108410000597,68.4806878566742,307.1691589355469,101.32520294189453,101.5263442993164,101.32499694824219,0.927057189719222,0.8935682192673615,0.0,0.0,0.0,0.0,24.391101837158203,16.515827178955078,0.0,0.0,-0.0007212162017822266,-0.0011265277862548828,0.0,0.0,0.927057189719222,0.05990182887650099,0.0,,,,,1.0,0.8935682192673615,310.0,307.1691589355469,2.830841064453125,0.022646728515625,0.008785052217013579,0.0,0.8935682192673615,1.7570104434027156
0.6200797559999955,68.4806878566742,307.1691589355469,101.32520294189453,101.5263442993164,101.32499694824219,0.9271308831980146,0.8932851351609161,0.0,0.0,0.0,0.0,24.391101837158203,16.515827178955078,0.0,0.0,-0.0007212162017822266,-0.0011265277862548828,0.0,0.0,0.9271308831980146,0.06023131597399993,0.0,,,,,1.0,0.8932851351609161,310.0,307.1691589355469,2.830841064453125,0.022646728515625,0.00906813632345889,0.0,0.8932851351609161,1.8136272646917782
0.640095853000048,68.4806878566742,307.1691589355469,101.32520294189453,101.5263442993164,101.32499694824219,0.9272050339943227,0.893001823214227,0.0,0.0,0.0,0.0,24.391101837158203,16.515827178955078,0.0,0.0,-0.0007212162017822266,-0.0011265277862548828,0.0,0.0,0.9272050339943227,0.0605615815745008,0.0,,,,,1.0,0.893001823214227,310.0,307.1691589355469,2.830841064453125,0.022646728515625,0.009351448270148019,0.0,0.893001823214227,1.8702896540296037
0.6601145390000056,68.4806878566742,307.1691589355469,101.32520294189453,101.5263442993164,101.32499694824219,0.9272794716406529,0.8927184746223017,0.0,0.0,0.0,0.0,24.391101837158203,16.515827178955078,0.0,0.0,-0.0007212162017822266,-0.0011265277862548828,0.0,0.0,0.9272794716406529,0.0608918898935001,0.0,,,,,1.0,0.8927184746223017,310.0,307.1691589355469,2.830841064453125,0.022646728515625,0.009634796862073382,0.0,0.8927184746223017,1.9269593724146765
0.6801136470000984,68.4806878566742,307.1691589355469,101.32520294189453,101.5263442993164,101.32499694824219,0.9273541068923579,0.8924353905158564,0.0,0.0,0.0,0.0,24.391101837158203,16.515827178955078,0.0,0.0,-0.0007212162017822266,-0.0011265277862548828,0.0,0.0,0.9273541068923579,0.06122187517550162,0.0,,,,,1.0,0.8924353905158564,310.0,307.1691589355469,2.830841064453125,0.022646728515625,0.009917880968518696,0.0,0.8924353905158564,1.983576193703739
0.7001046689999839,68.4806878566742,307.1691589355469,101.32520294189453,101.5263442993164,101.32499694824219,0.9274289754740415,0.892152306409411,0.0,0.0,0.0,0.0,24.391101837158203,16.515827178955078,0.0,0.0,-0.0007212162017822266,-0.0011265277862548828,0.0,0.0,0.9274289754740415,0.06155172703849974,0.0,,,,,1.0,0.892152306409411,310.0,307.1691589355469,2.830841064453125,0.022646728515625,0.010200965074964008,0.0,0.892152306409411,2.0401930149928016
0.7201162520000253,68.4806878566742,307.1691589355469,101.32520294189453,101.5263442993164,101.32499694824219,0.9275041781615416,0.8918690583548049,0.0,0.0,0.0,0.0,24.391101837158203,16.515827178955078,0.0,0.0,-0.0007212162017822266,-0.0011265277862548828,0.0,0.0,0.9275041781615416,0.06188191815800042,0.0,,,,,1.0,0.8918690583548049,310.0,307.1691589355469,2.830841064453125,0.022646728515625,0.010484213129570154,0.0,0.8918690583548049,2.096842625914031
0.7400980919999256,68.4806878566742,307.1691589355469,101.32520294189453,101.5263442993164,101.32499694824219,0.9275795188461134,0.8915859742483596,0.0,0.0,0.0,0.0,24.391101837158203,16.515827178955078,0.0,0.0,-0.0007212162017822266,-0.0011265277862548828,0.0,0.0,0.9275795188461134,0.06221161851799878,0.0,,,,,1.0,0.8915859742483596,310.0,307.1691589355469,2.830841064453125,0.022646728515625,0.010767297236015468,0.0,0.8915859742483596,2.1534594472030935
0.7601914219999344,68.4806878566742,307.1691589355469,101.32520294189453,101.5263442993164,101.32499694824219,0.9276555244692694,0.8913015691299314,0.0,0.0,0.0,0.0,24.391101837158203,16.515827178955078,0.0,0.0,-0.0007212162017822266,-0.0011265277862548828,0.0,0.0,0.9276555244692694,0.06254315846299892,0.0,,,,,1.0,0.8913015691299314,310.0,307.1691589355469,2.830841064453125,0.022646728515625,0.01105170235444363,0.0,0.8913015691299314,2.210340470888726
0.7801694009999665,68.4806878566742,307.1691589355469,101.32520294189453,101.5263442993164,101.32499694824219,0.9277313296928421,0.8910184850234861,0.0,0.0,0.0,0.0,24.391101837158203,16.515827178955078,0.0,0.0,-0.0007212162017822266,-0.0011265277862548828,0.0,0.0,0.9277313296928421,0.06287279511649944,0.0,,,,,1.0,0.8910184850234861,310.0,307.1691589355469,2.830841064453125,0.022646728515625,0.011334786460888945,0.0,0.8910184850234861,2.2669572921777887
0.8002014169999256,68.4806878566742,307.1691589355469,101.32520294189453,101.5263442993164,101.32499694824219,0.9278075687840052,0.8907349477560038,0.0,0.0,0.0,0.0,24.391101837158203,16.515827178955078,0.0,0.0,-0.0007212162017822266,-0.0011265277862548828,0.0,0.0,0.9278075687840052,0.06320332338049878,0.0,,,,,1.0,0.8907349477560038,310.0,307.1691589355469,2.830841064453125,0.022646728515625,0.011618323728371276,0.0,0.8907349477560038,2.323664745674255
0.8201916230000279,68.4806878566742,307.1691589355469,101.32520294189453,101.5263442993164,101.32499694824219,0.9278838696652908,0.8904518636495584,0.0,0.0,0.0,0.0,24.391101837158203,16.515827178955078,0.0,0.0,-0.0007212162017822266,-0.0011265277862548828,0.0,0.0,0.9278838696652908,0.06353316177950047,0.0,,,,,1.0,0.8904518636495584,310.0,307.1691589355469,2.830841064453125,0.022646728515625,0.011901407834816588,0.0,0.8904518636495584,2.3802815669633177
0.8400892209999711,68.4806878566742,307.1691589355469,101.32520294189453,101.5263442993164,101.32499694824219,0.9279600286322194,0.8901687795431131,0.0,0.0,0.0,0.0,24.391101837158203,16.515827178955078,0.0,0.0,-0.0007212162017822266,-0.0011265277862548828,0.0,0.0,0.9279600286322194,0.06386147214649952,0.0,,,,,1.0,0.8901687795431131,310.0,307.1691589355469,2.830841064453125,0.022646728515625,0.012184491941261902,0.0,0.8901687795431131,2.4368983882523803
0.8601200489999883,68.4806878566742,307.1691589355469,101.32520294189453,101.5263442993164,101.32499694824219,0.9280369029368347,0.8898852590908259,0.0,0.0,0.0,0.0,24.391101837158203,16.515827178955078,0.0,0.0,-0.0007212162017822266,-0.0011265277862548828,0.0,0.0,0.9280369029368347,0.0641919808084998,0.0,,,,,1.0,0.8898852590908259,310.0,307.1691589355469,2.830841064453125,0.022646728515625,0.012468012393549133,0.0,0.8898852590908259,2.4936024787098265
0.8801226780001343,68.4806878566742,307.1691589355469,101.32520294189453,101.5263442993164,101.32499694824219,0.9281138666944257,0.8896021377729727,0.0,0.0,0.0,0.0,24.391101837158203,16.515827178955078,0.0,0.0,-0.0007212162017822266,-0.0011265277862548828,0.0,0.0,0.9281138666944257,0.06452202418700222,0.0,,,,,1.0,0.8896021377729727,310.0,307.1691589355469,2.830841064453125,0.022646728515625,0.012751133711402305,0.0,0.8896021377729727,2.550226742280461
0.9002199300000484,68.4806878566742,307.1691589355469,101.32520294189453,101.5263442993164,101.32499694824219,0.9281913852655971,0.8893176771417526,0.0,0.0,0.0,0.0,24.391101837158203,16.515827178955078,0.0,0.0,-0.0007212162017822266,-0.0011265277862548828,0.0,0.0,0.9281913852655971,0.0648536288450008,0.0,,,,,1.0,0.8893176771417526,310.0,307.1691589355469,2.830841064453125,0.022646728515625,0.013035594342622404,0.0,0.8893176771417526,2.6071188685244806
0.9200861219999297,68.4806878566742,307.1691589355469,101.32520294189453,101.5263442993164,101.32499694824219,0.928268192280366,0.8890345930353073,0.0,0.0,0.0,0.0,24.391101837158203,16.515827178955078,0.0,0.0,-0.0007212162017822266,-0.0011265277862548828,0.0,0.0,0.928268192280366,0.06518142101299884,0.0,,,,,1.0,0.8890345930353073,310.0,307.1691589355469,2.830841064453125,0.022646728515625,0.013318678449067716,0.0,0.8890345930353073,2.663735689813543
0.940155021999999,68.4806878566742,307.1691589355469,101.32520294189453,101.5263442993164,101.32499694824219,0.9283459559302372,0.8887505337041144,0.0,0.0,0.0,0.0,24.391101837158203,16.515827178955078,0.0,0.0,-0.0007212162017822266,-0.0011265277862548828,0.0,0.0,0.9283459559302372,0.06551255786299999,0.0,,,,,1.0,0.8887505337041144,310.0,307.1691589355469,2.830841064453125,0.022646728515625,0.013602737780260714,0.0,0.8887505337041144,2.720547556052143
0.9601758070000415,68.4806878566742,307.1691589355469,101.32520294189453,101.5263442993164,101.32499694824219,0.9284236976909822,0.8884671554025108,0.0,0.0,0.0,0.0,24.391101837158203,16.515827178955078,0.0,0.0,-0.0007212162017822266,-0.0011265277862548828,0.0,0.0,0.9284236976909822,0.06584290081550069,0.0,,,,,1.0,0.8884671554025108,310.0,307.1691589355469,2.830841064453125,0.022646728515625,0.01388611608186425,0.0,0.8884671554025108,2.77722321637285
0.9801879389999613,68.4806878566742,307.1691589355469,101.32520294189453,101.5263442993164,101.32499694824219,0.9285015613032386,0.8881838995772476,0.0,0.0,0.0,0.0,24.391101837158203,16.515827178955078,0.0,0.0,-0.0007212162017822266,-0.0011265277862548828,0.0,0.0,0.9285015613032386,0.06617310099349936,0.0,,,,,1.0,0.8881838995772476,310.0,307.1691589355469,2.830841064453125,0.022646728515625,0.014169371907127398,0.0,0.8881838995772476,2.8338743814254794
1.0000996129999749,68.4806878566742,307.1691589355469,101.32520294189453,101.5263442993164,101.32499694824219,0.9285791794385029,0.8879008154708024,0.0,0.0,0.0,0.0,24.391101837158203,16.515827178955078,0.0,0.0,-0.0007212162017822266,-0.0011265277862548828,0.0,0.0,0.9285791794385029,0.06650164361449959,0.0,,,,,1.0,0.8879008154708024,310.0,307.1691589355469,2.830841064453125,0.022646728515625,0.01445245601357271,0.0,0.8879008154708024,2.890491202714542
1.0200749099999484,68.4806878566742,307.1691589355469,101.32520294189453,101.5263442993164,101.32499694824219,0.928657182263648,0.8876177313643571,0.0,0.0,0.0,0.0,24.391101837158203,16.515827178955078,0.0,0.0,-0.0007212162017822266,-0.0011265277862548828,0.0,0.0,0.928657182263648,0.06683123601499916,0.0,,,,,1.0,0.8876177313643571,310.0,307.1691589355469,2.830841064453125,0.022646728515625,0.014735540120018023,0.0,0.8876177313643571,2.9471080240036045
1.0400887190000958,68.4806878566742,307.1691589355469,101.32520294189453,101.5263442993164,101.32499694824219,0.9287354635295144,0.8873344518024884,0.0,0.0,0.0,0.0,24.391101837158203,16.515827178955078,0.0,0.0,-0.0007212162017822266,-0.0011265277862548828,0.0,0.0,0.9287354635295144,0.06716146386350158,0.0,,,,,1.0,0.8873344518024884,310.0,307.1691589355469,2.830841064453125,0.022646728515625,0.015018819681886718,0.0,0.8873344518024884,3.0037639363773434
1.0601731480001035,68.4806878566742,307.1691589355469,101.32520294189453,101.5263442993164,101.32499694824219,0.9288141403799639,0.8870501726706418,0.0,0.0,0.0,0.0,24.391101837158203,16.515827178955078,0.0,0.0,-0.0007212162017822266,-0.0011265277862548828,0.0,0.0,0.9288141403799639,0.06749285694200172,0.0,,,,,1.0,0.8870501726706418,310.0,307.1691589355469,2.830841064453125,0.022646728515625,0.015303098813733294,0.0,0.8870501726706418,3.0606197627466587
1.0802135179999368,68.4806878566742,307.1691589355469,101.32520294189453,101.5263442993164,101.32499694824219,0.9288927541660188,0.88676651715893,0.0,0.0,0.0,0.0,24.391101837158203,16.515827178955078,0.0,0.0,-0.0007212162017822266,-0.0011265277862548828,0.0,0.0,0.9288927541660188,0.06782352304699896,0.0,,,,,1.0,0.88676651715893,310.0,307.1691589355469,2.830841064453125,0.022646728515625,0.015586754325445108,0.0,0.88676651715893,3.1173508650890214
1.1001715610000247,68.4806878566742,307.1691589355469,101.32520294189453,101.5263442993164,101.32499694824219,0.9289711439970983,0.8864834330524847,0.0,0.0,0.0,0.0,24.391101837158203,16.515827178955078,0.0,0.0,-0.0007212162017822266,-0.0011265277862548828,0.0,0.0,0.9289711439970983,0.06815283075650042,0.0,,,,,1.0,0.8864834330524847,310.0,307.1691589355469,2.830841064453125,0.022646728515625,0.01586983843189042,0.0,0.8864834330524847,3.173967686378084
1.1201110690001315,68.4806878566742,307.1691589355469,101.32520294189453,101.5263442993164,101.32499694824219,0.9290495498337262,0.8862003489460393,0.0,0.0,0.0,0.0,24.391101837158203,16.515827178955078,0.0,0.0,-0.0007212162017822266,-0.0011265277862548828,0.0,0.0,0.9290495498337262,0.06848183263850217,0.0,,,,,1.0,0.8862003489460393,310.0,307.1691589355469,2.830841064453125,0.022646728515625,0.016152922538335734,0.0,0.8862003489460393,3.2305845076671464
1.1400892990000102,68.4806878566742,307.1691589355469,101.32520294189453,101.5263442993164,101.32499694824219,0.9291281869288815,0.885917264839594,0.0,0.0,0.0,0.0,24.391101837158203,16.515827178955078,0.0,0.0,-0.0007212162017822266,-0.0011265277862548828,0.0,0.0,0.9291281869288815,0.06881147343350016,0.0,,,,,1.0,0.885917264839594,310.0,307.1691589355469,2.830841064453125,0.022646728515625,0.016436006644781044,0.0,0.885917264839594,3.287201328956209
1.1601276480000706,68.4806878566742,307.1691589355469,101.32520294189453,101.5263442993164,101.32499694824219,0.9292071298282453,0.8856336379335279,0.0,0.0,0.0,0.0,24.391101837158203,16.515827178955078,0.0,0.0,-0.0007212162017822266,-0.0011265277862548828,0.0,0.0,0.9292071298282453,0.06914210619200117,0.0,,,,,1.0,0.8856336379335279,310.0,307.1691589355469,2.830841064453125,0.022646728515625,0.016719633550847116,0.0,0.8856336379335279,3.343926710169423
1.1800881110000319,68.4806878566742,307.1691589355469,101.32520294189453,101.5263442993164,101.32499694824219,0.9292858243674982,0.8853505538270826,0.0,0.0,0.0,0.0,24.391101837158203,16.515827178955078,0.0,0.0,-0.0007212162017822266,-0.0011265277862548828,0.0,0.0,0.9292858243674982,0.06947145383150052,0.0,,,,,1.0,0.8853505538270826,310.0,307.1691589355469,2.830841064453125,0.022646728515625,0.01700271765729243,0.0,0.8853505538270826,3.4005435314584855
1.2002015309999479,68.4806878566742,307.1691589355469,101.32520294189453,101.5263442993164,101.32499694824219,0.929365170298544,0.8850658643506708,0.0,0.0,0.0,0.0,24.391101837158203,16.515827178955078,0.0,0.0,-0.0007212162017822266,-0.0011265277862548828,0.0,0.0,0.929365170298544,0.06980332526149914,0.0,,,,,1.0,0.8850658643506708,310.0,307.1691589355469,2.830841064453125,0.022646728515625,0.0172874071337042,0.0,0.8850658643506708,3.4574814267408405
1.220083890000069,68.4806878566742,307.1691589355469,101.32520294189453,101.5263442993164,101.32499694824219,0.9294436417395819,0.8847827802442255,0.0,0.0,0.0,0.0,24.391101837158203,16.515827178955078,0.0,0.0,-0.0007212162017822266,-0.0011265277862548828,0.0,0.0,0.9294436417395819,0.07013138418500114,0.0,,,,,1.0,0.8847827802442255,310.0,307.1691589355469,2.830841064453125,0.022646728515625,0.017570491240149515,0.0,0.8847827802442255,3.514098248029903
1.2401066459999583,68.4806878566742,307.1691589355469,101.32520294189453,101.5263442993164,101.32499694824219,0.9295226935933412,0.8844993740446855,0.0,0.0,0.0,0.0,24.391101837158203,16.515827178955078,0.0,0.0,-0.0007212162017822266,-0.0011265277862548828,0.0,0.0,0.9295226935933412,0.07046175965899931,0.0,,,,,1.0,0.8844993740446855,310.0,307.1691589355469,2.830841064453125,0.022646728515625,0.017853897439689573,0.0,0.8844993740446855,3.570779487937915
1.260185938999939,68.4806878566742,307.1691589355469,101.32520294189453,101.5263442993164,101.32499694824219,0.9296019840022437,0.8842151676088378,0.0,0.0,0.0,0.0,24.391101837158203,16.515827178955078,0.0,0.0,-0.0007212162017822266,-0.0011265277862548828,0.0,0.0,0.9296019840022437,0.07079306799349899,0.0,,,,,1.0,0.8842151676088378,310.0,307.1691589355469,2.830841064453125,0.022646728515625,0.018138103875537232,0.0,0.8842151676088378,3.6276207751074465
1.2801810319999731,68.4806878566742,307.1691589355469,101.32520294189453,101.5263442993164,101.32499694824219,0.9296809458882006,0.8839320835023925,0.0,0.0,0.0,0.0,24.391101837158203,16.515827178955078,0.0,0.0,-0.0007212162017822266,-0.0011265277862548828,0.0,0.0,0.9296809458882006,0.07112298702799956,0.0,,,,,1.0,0.8839320835023925,310.0,307.1691589355469,2.830841064453125,0.022646728515625,0.018421187981982546,0.0,0.8839320835023925,3.684237596396509
1.3001669380000749,68.4806878566742,307.1691589355469,101.32520294189453,101.5263442993164,101.32499694824219,0.9297598640279563,0.8836489993959472,0.0,0.0,0.0,0.0,24.391101837158203,16.515827178955078,0.0,0.0,-0.0007212162017822266,-0.0011265277862548828,0.0,0.0,0.9297598640279563,0.07145275447700124,0.0,,,,,1.0,0.8836489993959472,310.0,307.1691589355469,2.830841064453125,0.022646728515625,0.01870427208842786,0.0,0.8836489993959472,3.7408544176855716
1.320083724000142,68.4806878566742,307.1691589355469,101.32520294189453,101.5263442993164,101.32499694824219,0.9298384903061055,0.8833659152895019,0.0,0.0,0.0,0.0,24.391101837158203,16.515827178955078,0.0,0.0,-0.0007212162017822266,-0.0011265277862548828,0.0,0.0,0.9298384903061055,0.07178138144600235,0.0,,,,,1.0,0.8833659152895019,310.0,307.1691589355469,2.830841064453125,0.022646728515625,0.01898735619487317,0.0,0.8833659152895019,3.797471238974634
1.3400884740001402,68.4806878566742,307.1691589355469,101.32520294189453,101.5263442993164,101.32499694824219,0.9299174330926346,0.8830827639505813,0.0,0.0,0.0,0.0,24.391101837158203,16.515827178955078,0.0,0.0,-0.0007212162017822266,-0.0011265277862548828,0.0,0.0,0.9299174330926346,0.07211145982100231,0.0,,,,,1.0,0.8830827639505813,310.0,307.1691589355469,2.830841064453125,0.022646728515625,0.01927050753379374,0.0,0.8830827639505813,3.854101506758748
1.360188037999933,68.4806878566742,307.1691589355469,101.32520294189453,101.5263442993164,101.32499694824219,0.9299967069633324,0.8827982705948402,0.0,0.0,0.0,0.0,24.391101837158203,16.515827178955078,0.0,0.0,-0.0007212162017822266,-0.0011265277862548828,0.0,0.0,0.9299967069633324,0.07244310262699889,0.0,,,,,1.0,0.8827982705948402,310.0,307.1691589355469,2.830841064453125,0.022646728515625,0.019555000889534824,0.0,0.8827982705948402,3.9110001779069647
1.3802167119999922,68.4806878566742,307.1691589355469,101.32520294189453,101.5263442993164,101.32499694824219,0.9300756461032016,0.8825147806307106,0.0,0.0,0.0,0.0,24.391101837158203,16.515827178955078,0.0,0.0,-0.0007212162017822266,-0.0011265277862548828,0.0,0.0,0.9300756461032016,0.07277357574799988,0.0,,,,,1.0,0.8825147806307106,310.0,307.1691589355469,2.830841064453125,0.022646728515625,0.019838490853664386,0.0,0.8825147806307106,3.967698170732877
1.4002125090000845,68.4806878566742,307.1691589355469,101.32520294189453,101.5263442993164,101.32499694824219,0.9301543884519141,0.8822316965242654,0.0,0.0,0.0,0.0,24.391101837158203,16.515827178955078,0.0,0.0,-0.0007212162017822266,-0.0011265277862548828,0.0,0.0,0.9301543884519141,0.0731035063985014,0.0,,,,,1.0,0.8822316965242654,310.0,307.1691589355469,2.830841064453125,0.022646728515625,0.0201215749601097,0.0,0.8822316965242654,4.02431499202194
1.420085423000046,68.4806878566742,307.1691589355469,101.32520294189453,101.5263442993164,101.32499694824219,0.9302325680462635,0.8819486124178201,0.0,0.0,0.0,0.0,24.391101837158203,16.515827178955078,0.0,0.0,-0.0007212162017822266,-0.0011265277862548828,0.0,0.0,0.9302325680462635,0.07343140947950076,0.0,,,,,1.0,0.8819486124178201,310.0,307.1691589355469,2.830841064453125,0.022646728515625,0.02040465906655501,0.0,0.8819486124178201,4.080931813311002
1.4400859459999538,68.4806878566742,307.1691589355469,101.32520294189453,101.5263442993164,101.32499694824219,0.9303111577365359,0.8816655209087266,0.0,0.0,0.0,0.0,24.391101837158203,16.515827178955078,0.0,0.0,-0.0007212162017822266,-0.0011265277862548828,0.0,0.0,0.9303111577365359,0.07376141810899925,0.0,,,,,1.0,0.8816655209087266,310.0,307.1691589355469,2.830841064453125,0.022646728515625,0.020687750575648405,0.0,0.8816655209087266,4.137550115129681
1.4601202960000137,68.4806878566742,307.1691589355469,101.32520294189453,101.5263442993164,101.32499694824219,0.9303897751015386,0.8813819506053276,0.0,0.0,0.0,0.0,24.391101837158203,16.515827178955078,0.0,0.0,-0.0007212162017822266,-0.0011265277862548828,0.0,0.0,0.9303897751015386,0.07409198488400023,0.0,,,,,1.0,0.8813819506053276,310.0,307.1691589355469,2.830841064453125,0.022646728515625,0.020971320879047385,0.0,0.8813819506053276,4.194264175809477
1.4801848920001248,68.4806878566742,307.1691589355469,101.32520294189453,101.5263442993164,101.32499694824219,0.9304683925310062,0.8810979521938338,0.0,0.0,0.0,0.0,24.391101837158203,16.515827178955078,0.0,0.0,-0.0007212162017822266,-0.0011265277862548828,0.0,0.0,0.9304683925310062,0.07442305071800207,0.0,,,,,1.0,0.8810979521938338,310.0,307.1691589355469,2.830841064453125,0.022646728515625,0.021255319290541266,0.0,0.8810979521938338,4.251063858108253
1.5001971680001134,68.4806878566742,307.1691589355469,101.32520294189453,101.5263442993164,101.32499694824219,0.9305466735251388,0.8808146943303641,0.0,0.0,0.0,0.0,24.391101837158203,16.515827178955078,0.0,0.0,-0.0007212162017822266,-0.0011265277862548828,0.0,0.0,0.9305466735251388,0.07475325327200187,0.0,,,,,1.0,0.8808146943303641,310.0,307.1691589355469,2.830841064453125,0.022646728515625,0.021538577154010953,0.0,0.8808146943303641,4.30771543080219
1.5200960920001307,68.4806878566742,307.1691589355469,101.32520294189453,101.5263442993164,101.32499694824219,0.9306243677835249,0.8805316102239188,0.0,0.0,0.0,0.0,24.391101837158203,16.515827178955078,0.0,0.0,-0.0007212162017822266,-0.0011265277862548828,0.0,0.0,0.9306243677835249,0.07508158551800216,0.0,,,,,1.0,0.8805316102239188,310.0,307.1691589355469,2.830841064453125,0.022646728515625,0.021821661260456263,0.0,0.8805316102239188,4.364332252091253
1.5400996339999438,68.4806878566742,307.1691589355469,101.32520294189453,101.5263442993164,101.32499694824219,0.9307023130391281,0.8802484759832808,0.0,0.0,0.0,0.0,24.391101837158203,16.515827178955078,0.0,0.0,-0.0007212162017822266,-0.0011265277862548828,0.0,0.0,0.9307023130391281,0.07541164396099907,0.0,,,,,1.0,0.8802484759832808,310.0,307.1691589355469,2.830841064453125,0.022646728515625,0.022104795501094184,0.0,0.8802484759832808,4.420959100218837
1.5600920540000516,68.4806878566742,307.1691589355469,101.32520294189453,101.5263442993164,101.32499694824219,0.9307800435978829,0.8799653918768355,0.0,0.0,0.0,0.0,24.391101837158203,16.515827178955078,0.0,0.0,-0.0007212162017822266,-0.0011265277862548828,0.0,0.0,0.9307800435978829,0.07574151889100085,0.0,,,,,1.0,0.8799653918768355,310.0,307.1691589355469,2.830841064453125,0.022646728515625,0.022387879607539497,0.0,0.8799653918768355,4.477575921507899
1.5801635370000895,68.4806878566742,307.1691589355469,101.32520294189453,101.5263442993164,101.32499694824219,0.9308578953403778,0.8796812959853306,0.0,0.0,0.0,0.0,24.391101837158203,16.515827178955078,0.0,0.0,-0.0007212162017822266,-0.0011265277862548828,0.0,0.0,0.9308578953403778,0.07607269836050148,0.0,,,,,1.0,0.8796812959853306,310.0,307.1691589355469,2.830841064453125,0.022646728515625,0.022671975499044397,0.0,0.8796812959853306,4.534395099808879
1.6001935219999268,68.4806878566742,307.1691589355469,101.32520294189453,101.5263442993164,101.32499694824219,0.9309353860789371,0.879397787465041,0.0,0.0,0.0,0.0,24.391101837158203,16.515827178955078,0.0,0.0,-0.0007212162017822266,-0.0011265277862548828,0.0,0.0,0.9309353860789371,0.0764031931129988,0.0,,,,,1.0,0.879397787465041,310.0,307.1691589355469,2.830841064453125,0.022646728515625,0.022955484019333998,0.0,0.879397787465041,4.591096803866799
1.6201689550000538,68.4806878566742,307.1691589355469,101.32520294189453,101.5263442993164,101.32499694824219,0.9310124526160887,0.8791147033585958,0.0,0.0,0.0,0.0,24.391101837158203,16.515827178955078,0.0,0.0,-0.0007212162017822266,-0.0011265277862548828,0.0,0.0,0.9310124526160887,0.07673278775750089,0.0,,,,,1.0,0.8791147033585958,310.0,307.1691589355469,2.830841064453125,0.022646728515625,0.023238568125779308,0.0,0.8791147033585958,4.647713625155862
1.6402262010001323,68.4806878566742,307.1691589355469,101.32520294189453,101.5263442993164,101.32499694824219,0.9310896062581426,0.8788308089805115,0.0,0.0,0.0,0.0,24.391101837158203,16.515827178955078,0.0,0.0,-0.0007212162017822266,-0.0011265277862548828,0.0,0.0,0.9310896062581426,0.07706373231650218,0.0,,,,,1.0,0.8788308089805115,310.0,307.1691589355469,2.830841064453125,0.022646728515625,0.02352246250386361,0.0,0.8788308089805115,4.704492500772722
1.6601705319999382,68.4806878566742,307.1691589355469,101.32520294189453,101.5263442993164,101.32499694824219,0.9311660840681361,0.8785477248740661,0.0,0.0,0.0,0.0,24.391101837158203,16.515827178955078,0.0,0.0,-0.0007212162017822266,-0.0011265277862548828,0.0,0.0,0.9311660840681361,0.07739281377799899,0.0,,,,,1.0,0.8785477248740661,310.0,307.1691589355469,2.830841064453125,0.022646728515625,0.023805546610308925,0.0,0.8785477248740661,4.761109322061785
1.680209687000115,68.4806878566742,307.1691589355469,101.32520294189453,101.5263442993164,101.32499694824219,0.9312426683094215,0.8782640865597089,0.0,0.0,0.0,0.0,24.391101837158203,16.515827178955078,0.0,0.0,-0.0007212162017822266,-0.0011265277862548828,0.0,0.0,0.9312426683094215,0.0777234598355019,0.0,,,,,1.0,0.8782640865597089,310.0,307.1691589355469,2.830841064453125,0.022646728515625,0.02408918492466613,0.0,0.8782640865597089,4.817836984933226
1.7002182820001508,68.4806878566742,307.1691589355469,101.32520294189453,101.5263442993164,101.32499694824219,0.9313188637552983,0.8779808807978684,0.0,0.0,0.0,0.0,24.391101837158203,16.515827178955078,0.0,0.0,-0.0007212162017822266,-0.0011265277862548828,0.0,0.0,0.9313188637552983,0.07805360165300249,0.0,,,,,1.0,0.8779808807978684,310.0,307.1691589355469,2.830841064453125,0.022646728515625,0.024372390686506696,0.0,0.8779808807978684,4.874478137301339
1.720210765000047,68.4806878566742,307.1691589355469,101.32520294189453,101.5263442993164,101.32499694824219,0.9313947114279723,0.877697796691423,0.0,0.0,0.0,0.0,24.391101837158203,16.515827178955078,0.0,0.0,-0.0007212162017822266,-0.0011265277862548828,0.0,0.0,0.9313947114279723,0.07838347762250078,0.0,,,,,1.0,0.877697796691423,310.0,307.1691589355469,2.830841064453125,0.022646728515625,0.02465547479295201,0.0,0.877697796691423,4.931094958590402
1.740234006000037,68.4806878566742,307.1691589355469,101.32520294189453,101.5263442993164,101.32499694824219,0.9314703736949099,0.877414383627092,0.0,0.0,0.0,0.0,24.391101837158203,16.515827178955078,0.0,0.0,-0.0007212162017822266,-0.0011265277862548828,0.0,0.0,0.9314703736949099,0.07871386109900061,0.0,,,,,1.0,0.877414383627092,310.0,307.1691589355469,2.830841064453125,0.022646728515625,0.02493888785728307,0.0,0.877414383627092,4.987777571456614
1.7601944780001304,68.4806878566742,307.1691589355469,101.32520294189453,101.5263442993164,101.32499694824219,0.9315454826475684,0.8771312995206466,0.0,0.0,0.0,0.0,24.391101837158203,16.515827178955078,0.0,0.0,-0.0007212162017822266,-0.0011265277862548828,0.0,0.0,0.9315454826475684,0.07904320888700216,0.0,,,,,1.0,0.8771312995206466,310.0,307.1691589355469,2.830841064453125,0.022646728515625,0.025221971963728385,0.0,0.8771312995206466,5.0443943927456765
1.7802155159999984,68.4806878566742,307.1691589355469,101.32520294189453,101.5263442993164,101.32499694824219,0.9316204870040791,0.8768479176380316,0.0,0.0,0.0,0.0,24.391101837158203,16.515827178955078,0.0,0.0,-0.0007212162017822266,-0.0011265277862548828,0.0,0.0,0.9316204870040791,0.07937355601399998,0.0,,,,,1.0,0.8768479176380316,310.0,307.1691589355469,2.830841064453125,0.022646728515625,0.025505353846343396,0.0,0.8768479176380316,5.101070769268679
1.800233568000067,68.4806878566742,307.1691589355469,101.32520294189453,101.5263442993164,101.32499694824219,0.9316951316418522,0.8765645780198709,0.0,0.0,0.0,0.0,24.391101837158203,16.515827178955078,0.0,0.0,-0.0007212162017822266,-0.0011265277862548828,0.0,0.0,0.9316951316418522,0.0797038538720011,0.0,,,,,1.0,0.8765645780198709,310.0,307.1691589355469,2.830841064453125,0.022646728515625,0.025788693464504155,0.0,0.8765645780198709,5.157738692900831
1.8202231909999682,68.4806878566742,307.1691589355469,101.32520294189453,101.5263442993164,101.32499694824219,0.9317693067759181,0.8762814939134256,0.0,0.0,0.0,0.0,24.391101837158203,16.515827178955078,0.0,0.0,-0.0007212162017822266,-0.0011265277862548828,0.0,0.0,0.9317693067759181,0.08003368265149949,0.0,,,,,1.0,0.8762814939134256,310.0,307.1691589355469,2.830841064453125,0.022646728515625,0.02607177757094947,0.0,0.8762814939134256,5.214355514189894
1.8402221540000028,68.4806878566742,307.1691589355469,101.32520294189453,101.5263442993164,101.32499694824219,0.9318431371975686,0.8759984098069803,0.0,0.0,0.0,0.0,24.391101837158203,16.515827178955078,0.0,0.0,-0.0007212162017822266,-0.0011265277862548828,0.0,0.0,0.9318431371975686,0.08036366554100005,0.0,,,,,1.0,0.8759984098069803,310.0,307.1691589355469,2.830841064453125,0.022646728515625,0.026354861677394783,0.0,0.8759984098069803,5.270972335478956
1.8602179290001004,68.4806878566742,307.1691589355469,101.32520294189453,101.5263442993164,101.32499694824219,0.9319165604590567,0.875715325700535,0.0,0.0,0.0,0.0,24.391101837158203,16.515827178955078,0.0,0.0,-0.0007212162017822266,-0.0011265277862548828,0.0,0.0,0.9319165604590567,0.08069359582850166,0.0,,,,,1.0,0.875715325700535,310.0,307.1691589355469,2.830841064453125,0.022646728515625,0.026637945783840093,0.0,0.875715325700535,5.327589156768019
1.8801857370001471,68.4806878566742,307.1691589355469,101.32520294189453,101.5263442993164,101.32499694824219,0.9319894703662107,0.8754322415940896,0.0,0.0,0.0,0.0,24.391101837158203,16.515827178955078,0.0,0.0,-0.0007212162017822266,-0.0011265277862548828,0.0,0.0,0.9319894703662107,0.08102306466050244,0.0,,,,,1.0,0.8754322415940896,310.0,307.1691589355469,2.830841064453125,0.022646728515625,0.026921029890285407,0.0,0.8754322415940896,5.384205978057081
1.900082608000048,68.4806878566742,307.1691589355469,101.32520294189453,101.5263442993164,101.32499694824219,0.9320616969144366,0.8751491574876443,0.0,0.0,0.0,0.0,24.391101837158203,16.515827178955078,0.0,0.0,-0.0007212162017822266,-0.0011265277862548828,0.0,0.0,0.9320616969144366,0.0813513630320008,0.0,,,,,1.0,0.8751491574876443,310.0,307.1691589355469,2.830841064453125,0.022646728515625,0.02720411399673072,0.0,0.8751491574876443,5.440822799346144
1.920177914000078,68.4806878566742,307.1691589355469,101.32520294189453,101.5263442993164,101.32499694824219,0.9321341973082574,0.8748647244005061,0.0,0.0,0.0,0.0,24.391101837158203,16.515827178955078,0.0,0.0,-0.0007212162017822266,-0.0011265277862548828,0.0,0.0,0.9321341973082574,0.08168293558100129,0.0,,,,,1.0,0.8748647244005061,310.0,307.1691589355469,2.830841064453125,0.022646728515625,0.027488547083868903,0.0,0.8748647244005061,5.49770941677378
1.940203456000063,68.4806878566742,307.1691589355469,101.32520294189453,101.5263442993164,101.32499694824219,0.932205982947806,0.8745812787673487,0.0,0.0,0.0,0.0,24.391101837158203,16.515827178955078,0.0,0.0,-0.0007212162017822266,-0.0011265277862548828,0.0,0.0,0.932205982947806,0.08201335702400105,0.0,,,,,1.0,0.8745812787673487,310.0,307.1691589355469,2.830841064453125,0.022646728515625,0.027771992717026343,0.0,0.8745812787673487,5.554398543405268
1.9602204039999833,68.4806878566742,307.1691589355469,101.32520294189453,101.5263442993164,101.32499694824219,0.932277258995975,0.8742979547754327,0.0,0.0,0.0,0.0,24.391101837158203,16.515827178955078,0.0,0.0,-0.0007212162017822266,-0.0011265277862548828,0.0,0.0,0.932277258995975,0.08234363666599973,0.0,,,,,1.0,0.8742979547754327,310.0,307.1691589355469,2.830841064453125,0.022646728515625,0.02805531670894233,0.0,0.8742979547754327,5.611063341788466
1.980220410000129,68.4806878566742,307.1691589355469,101.32520294189453,101.5263442993164,101.32499694824219,0.9323479797259593,0.8740148705840601,0.0,0.0,0.0,0.0,24.391101837158203,16.515827178955078,0.0,0.0,-0.0007212162017822266,-0.0011265277862548828,0.0,0.0,0.9323479797259593,0.08267363676500214,0.0,,,,,1.0,0.8740148705840601,310.0,307.1691589355469,2.830841064453125,0.022646728515625,0.028338400900314937,0.0,0.8740148705840601,5.6676801800629875
2.0002206760000263,68.4806878566742,307.1691589355469,101.32520294189453,101.5263442993164,101.32499694824219,0.932418189543635,0.8737317827125977,0.0,0.0,0.0,0.0,24.391101837158203,16.515827178955078,0.0,0.0,-0.0007212162017822266,-0.0011265277862548828,0.0,0.0,0.932418189543635,0.08300364115400044,0.0,,,,,1.0,0.8737317827125977,310.0,307.1691589355469,2.830841064453125,0.022646728515625,0.02862148877177741,0.0,0.8737317827125977,5.724297754355482
2.0200988980000147,68.4806878566742,307.1691589355469,101.32520294189453,101.5263442993164,101.32499694824219,0.9324874467946063,0.8734486986061523,0.0,0.0,0.0,0.0,24.391101837158203,16.515827178955078,0.0,0.0,-0.0007212162017822266,-0.0011265277862548828,0.0,0.0,0.9324874467946063,0.08333163181700025,0.0,,,,,1.0,0.8734486986061523,310.0,307.1691589355469,2.830841064453125,0.022646728515625,0.028904572878222724,0.0,0.8734486986061523,5.780914575644545
2.0402127750001,68.4806878566742,307.1691589355469,101.32520294189453,101.5263442993164,101.32499694824219,0.9325569758289711,0.8731640026612664,0.0,0.0,0.0,0.0,24.391101837158203,16.515827178955078,0.0,0.0,-0.0007212162017822266,-0.0011265277862548828,0.0,0.0,0.9325569758289711,0.08366351078750166,0.0,,,,,1.0,0.8731640026612664,310.0,307.1691589355469,2.830841064453125,0.022646728515625,0.029189268823108728,0.0,0.8731640026612664,5.837853764621745
2.0602078990000336,68.4806878566742,307.1691589355469,101.32520294189453,101.5263442993164,101.32499694824219,0.9326255292814896,0.872880918554821,0.0,0.0,0.0,0.0,24.391101837158203,16.515827178955078,0.0,0.0,-0.0007212162017822266,-0.0011265277862548828,0.0,0.0,0.9326255292814896,0.08399343033350057,0.0,,,,,1.0,0.872880918554821,310.0,307.1691589355469,2.830841064453125,0.022646728515625,0.02947235292955404,0.0,0.872880918554821,5.894470585910808
2.0802185830000326,68.4806878566742,307.1691589355469,101.32520294189453,101.5263442993164,101.32499694824219,0.9326935544123482,0.8725976832248461,0.0,0.0,0.0,0.0,24.391101837158203,16.515827178955078,0.0,0.0,-0.0007212162017822266,-0.0011265277862548828,0.0,0.0,0.9326935544123482,0.08432360661950054,0.0,,,,,1.0,0.8725976832248461,310.0,307.1691589355469,2.830841064453125,0.022646728515625,0.029755588259529002,0.0,0.8725976832248461,5.9511176519058
2.1001999059999434,68.4806878566742,307.1691589355469,101.32520294189453,101.5263442993164,101.32499694824219,0.9327608814590728,0.8723145991184007,0.0,0.0,0.0,0.0,24.391101837158203,16.515827178955078,0.0,0.0,-0.0007212162017822266,-0.0011265277862548828,0.0,0.0,0.9327608814590728,0.08465329844899908,0.0,,,,,1.0,0.8723145991184007,310.0,307.1691589355469,2.830841064453125,0.022646728515625,0.030038672365974316,0.0,0.8723145991184007,6.007734473194863
2.1201979200000096,68.4806878566742,307.1691589355469,101.32520294189453,101.5263442993164,101.32499694824219,0.9328276483741147,0.8720315150119554,0.0,0.0,0.0,0.0,24.391101837158203,16.515827178955078,0.0,0.0,-0.0007212162017822266,-0.0011265277862548828,0.0,0.0,0.9328276483741147,0.08498326568000017,0.0,,,,,1.0,0.8720315150119554,310.0,307.1691589355469,2.830841064453125,0.022646728515625,0.03032175647241963,0.0,0.8720315150119554,6.0643512944839255
2.1402183440000044,68.4806878566742,307.1691589355469,101.32520294189453,101.5263442993164,101.32499694824219,0.9328938544952963,0.8717481418200207,0.0,0.0,0.0,0.0,24.391101837158203,16.515827178955078,0.0,0.0,-0.0007212162017822266,-0.0011265277862548828,0.0,0.0,0.9328938544952963,0.08531360267600008,0.0,,,,,1.0,0.8717481418200207,310.0,307.1691589355469,2.830841064453125,0.022646728515625,0.03060512966435437,0.0,0.8717481418200207,6.121025932870873
2.160218370999928,68.4806878566742,307.1691589355469,101.32520294189453,101.5263442993164,101.32499694824219,0.9329593401162048,0.8714650573314129,0.0,0.0,0.0,0.0,24.391101837158203,16.515827178955078,0.0,0.0,-0.0007212162017822266,-0.0011265277862548828,0.0,0.0,0.9329593401162048,0.08564360312149882,0.0,,,,,1.0,0.8714650573314129,310.0,307.1691589355469,2.830841064453125,0.022646728515625,0.030888214152962144,0.0,0.8714650573314129,6.177642830592428
2.180098725000107,68.4806878566742,307.1691589355469,101.32520294189453,101.5263442993164,101.32499694824219,0.9330237690696866,0.8711819732249676,0.0,0.0,0.0,0.0,24.391101837158203,16.515827178955078,0.0,0.0,-0.0007212162017822266,-0.0011265277862548828,0.0,0.0,0.9330237690696866,0.08597162896250177,0.0,,,,,1.0,0.8711819732249676,310.0,307.1691589355469,2.830841064453125,0.022646728515625,0.031171298259407454,0.0,0.8711819732249676,6.234259651881491
2.2002041519999693,68.4806878566742,307.1691589355469,101.32520294189453,101.5263442993164,101.32499694824219,0.9330882349770557,0.8708973968831197,0.0,0.0,0.0,0.0,24.391101837158203,16.515827178955078,0.0,0.0,-0.0007212162017822266,-0.0011265277862548828,0.0,0.0,0.9330882349770557,0.0863033685079995,0.0,,,,,1.0,0.8708973968831197,310.0,307.1691589355469,2.830841064453125,0.022646728515625,0.031455874601255325,0.0,0.8708973968831197,6.291174920251065
2.22020385299993,68.4806878566742,307.1691589355469,101.32520294189453,101.5263442993164,101.32499694824219,0.9331516525945432,0.8706143127766744,0.0,0.0,0.0,0.0,24.391101837158203,16.515827178955078,0.0,0.0,-0.0007212162017822266,-0.0011265277862548828,0.0,0.0,0.9331516525945432,0.08663336357449886,0.0,,,,,1.0,0.8706143127766744,310.0,307.1691589355469,2.830841064453125,0.022646728515625,0.03173895870770064,0.0,0.8706143127766744,6.347791741540128
2.2402233530001467,68.4806878566742,307.1691589355469,101.32520294189453,101.5263442993164,101.32499694824219,0.9332144059923098,0.8703309526632222,0.0,0.0,0.0,0.0,24.391101837158203,16.515827178955078,0.0,0.0,-0.0007212162017822266,-0.0011265277862548828,0.0,0.0,0.9332144059923098,0.08696368532450242,0.0,,,,,1.0,0.8703309526632222,310.0,307.1691589355469,2.830841064453125,0.022646728515625,0.032022318821152806,0.0,0.8703309526632222,6.404463764230561
2.2602274440000656,68.4806878566742,307.1691589355469,101.32520294189453,101.5263442993164,101.32499694824219,0.933276365983377,0.870047810651924,0.0,0.0,0.0,0.0,24.391101837158203,16.515827178955078,0.0,0.0,-0.0007212162017822266,-0.0011265277862548828,0.0,0.0,0.933276365983377,0.08729375282600109,0.0,,,,,1.0,0.870047810651924,310.0,307.1691589355469,2.830841064453125,0.022646728515625,0.03230546083245094,0.0,0.870047810651924,6.461092166490189
2.280207711999992,68.4806878566742,307.1691589355469,101.32520294189453,101.5263442993164,101.32499694824219,0.9333374900647026,0.8697647265454788,0.0,0.0,0.0,0.0,24.391101837158203,16.515827178955078,0.0,0.0,-0.0007212162017822266,-0.0011265277862548828,0.0,0.0,0.9333374900647026,0.08762342724799987,0.0,,,,,1.0,0.8697647265454788,310.0,307.1691589355469,2.830841064453125,0.022646728515625,0.032588544938896256,0.0,0.8697647265454788,6.517708987779251
2.3002020369999627,68.4806878566742,307.1691589355469,101.32520294189453,101.5263442993164,101.32499694824219,0.9333978759543068,0.8694816424390335,0.0,0.0,0.0,0.0,24.391101837158203,16.515827178955078,0.0,0.0,-0.0007212162017822266,-0.0011265277862548828,0.0,0.0,0.9333978759543068,0.0879533336104994,0.0,,,,,1.0,0.8694816424390335,310.0,307.1691589355469,2.830841064453125,0.022646728515625,0.03287162904534157,0.0,0.8694816424390335,6.574325809068314
2.320216923000089,68.4806878566742,307.1691589355469,101.32520294189453,101.5263442993164,101.32499694824219,0.9334575224154589,0.8691983476330859,0.0,0.0,0.0,0.0,24.391101837158203,16.515827178955078,0.0,0.0,-0.0007212162017822266,-0.0011265277862548828,0.0,0.0,0.9334575224154589,0.08828357922950147,0.0,,,,,1.0,0.8691983476330859,310.0,307.1691589355469,2.830841064453125,0.022646728515625,0.0331549238512891,0.0,0.8691983476330859,6.630984770257819
